provider,incident_id,downtime_start,downtime_end,duration_minutes,source,title,impact,components
modal,modal_1,2023-03-17T22:43:20Z,2023-03-17T22:48:13Z,4,feed,"Webhooks and API, Webhooks, Function scheduling and execution, and 1 other service are down",major,
modal,modal_2,2023-03-18T09:21:11Z,2023-03-18T09:22:10Z,0,feed,Webhooks and Function scheduling and execution are down,major,
modal,modal_3,2023-03-21T07:07:27Z,2023-03-21T07:09:45Z,2,feed,CPU functions is down,major,CPU functions
modal,modal_4,2023-03-26T14:00:00Z,2023-03-26T18:00:00Z,240,feed,Upgrading file-system encryption,major,
modal,modal_5,2023-04-05T20:25:11Z,2023-04-05T20:26:45Z,1,feed,Webhooks and Function scheduling and execution are down,major,
modal,modal_6,2023-04-12T22:17:42Z,2023-04-12T22:28:40Z,10,feed,CPU functions is down,major,CPU functions
modal,modal_7,2023-04-14T03:59:19Z,2023-04-14T04:11:52Z,12,feed,CPU functions is down,major,CPU functions
modal,modal_8,2023-04-20T00:00:00Z,2023-04-20T00:00:00Z,0,feed,Updates logging system and main database,minor,
modal,modal_9,2023-04-20T07:21:18Z,2023-04-20T07:33:51Z,12,feed,"Webhooks and API, Webhooks, Function scheduling and execution, and 1 other service are down",major,
modal,modal_10,2023-05-17T14:30:00Z,2023-05-17T14:30:00Z,0,feed,Upgrading network stack,minor,
modal,modal_11,2023-05-25T17:00:00Z,2023-05-25T17:00:00Z,0,feed,Updating networking configuration,minor,
modal,modal_12,2023-06-09T15:00:00Z,2023-06-09T15:00:00Z,0,feed,Database upgrade,minor,
modal,modal_13,2023-06-13T20:31:00Z,2023-06-13T20:58:00Z,27,feed,Service degraded (upstream AWS outage),major,
modal,modal_14,2023-06-19T20:02:40Z,2023-06-19T20:11:50Z,9,feed,Webhooks and Function scheduling and execution are down,major,
modal,modal_15,2023-06-20T15:00:00Z,2023-06-20T15:00:00Z,0,feed,Upgrading databases,minor,
modal,modal_16,2023-06-28T22:06:25Z,2023-06-28T22:09:18Z,2,feed,Webhooks and Function scheduling and execution are down,major,
modal,modal_17,2023-07-02T23:09:27Z,2023-07-02T23:10:31Z,1,feed,CPU functions is down,major,CPU functions
modal,modal_18,2023-07-28T19:00:00Z,2023-07-28T19:00:00Z,0,feed,Network maintenance,minor,
modal,modal_19,2023-08-01T09:18:51Z,2023-08-01T09:22:16Z,3,feed,Webhooks and Function scheduling and execution are down,major,
modal,modal_20,2023-08-10T13:00:00Z,2023-08-10T13:00:00Z,0,feed,Network maintenance,minor,
modal,modal_21,2023-08-11T09:11:00Z,2023-08-11T09:17:00Z,6,feed,DNS issues on Oracle Cloud,minor,
modal,modal_22,2023-08-19T09:14:25Z,2023-08-19T16:24:55Z,430,feed,"CPU functions on AWS, CPU functions on GCP, CPU functions on OCI, GPU functions on AWS, GPU functions on GCP, GPU functions on OCI, and 4 other services are down",major,"CPU functions,GPU functions"
modal,modal_23,2023-09-07T21:37:41Z,2023-09-07T21:43:55Z,6,feed,Web endpoints is down,major,Web endpoints
modal,modal_24,2023-09-08T20:39:57Z,2023-09-08T21:59:40Z,79,feed,"CPU functions on AWS, CPU functions on GCP, CPU functions on OCI, Web endpoints, and 2 other services are down",major,"CPU functions,Web endpoints"
modal,modal_25,2023-09-21T18:00:00Z,2023-09-21T19:37:00Z,97,feed,Degraded performance in functions,minor,
modal,modal_26,2023-09-29T18:00:00Z,2023-09-29T18:00:00Z,0,feed,Network maintenance,minor,
modal,modal_27,2023-10-04T19:56:08Z,2023-10-04T19:58:08Z,2,feed,Web endpoints is down,major,Web endpoints
modal,modal_28,2023-10-11T17:29:21Z,2023-10-11T17:32:52Z,3,feed,GPU functions on GCP and Web endpoints are down,major,"GPU functions,Web endpoints"
modal,modal_29,2023-10-14T14:07:48Z,2023-10-14T14:26:38Z,18,feed,Web API and Web endpoints are down,major,"Web endpoints,Web API"
modal,modal_30,2023-10-16T15:00:00Z,2023-10-16T15:00:00Z,0,feed,Upgrading system components,minor,
modal,modal_31,2023-10-24T16:47:00Z,2023-10-24T17:00:00Z,13,feed,Performance degradation,minor,
modal,modal_32,2023-10-27T13:13:17Z,2023-10-27T14:35:35Z,82,feed,"GPU functions on GCP, GPU functions on OCI, API, Web endpoints, and 2 other services are down",major,"GPU functions,Web endpoints"
modal,modal_33,2023-11-10T02:39:58Z,2023-11-10T02:44:22Z,4,feed,"CPU functions on GCP, CPU functions on OCI, Web endpoints, and 1 other service are down",major,"CPU functions,Web endpoints"
modal,modal_34,2023-11-14T16:39:30Z,2023-11-14T16:46:52Z,7,feed,"CPU functions on AWS, CPU functions on GCP, CPU functions on OCI, Web endpoints, and 2 other services are down",major,"CPU functions,Web endpoints"
modal,modal_35,2023-12-25T23:56:22Z,2023-12-26T15:48:16Z,951,feed,Web endpoints is down,major,Web endpoints
modal,modal_36,2023-12-26T01:40:00Z,2023-12-26T01:40:00Z,0,feed,Web endpoint incident resolved,minor,Web endpoints
modal,modal_37,2024-01-08T19:04:53Z,2024-01-08T19:38:32Z,33,feed,Web endpoints is down,major,Web endpoints
modal,modal_38,2024-01-09T18:29:27Z,2024-01-09T20:52:47Z,143,feed,Web API and Web endpoints are down,major,"Web endpoints,Web API"
modal,modal_39,2024-01-17T04:59:00Z,2024-01-17T04:59:00Z,0,feed,Database upgrades,minor,
modal,modal_40,2024-01-18T02:44:44Z,2024-01-18T08:52:00Z,367,feed,"Frontend, Web API, and 1 other service are down",major,"Frontend,Web API"
modal,modal_41,2024-01-18T15:46:58Z,2024-01-18T23:07:56Z,440,feed,Frontend and Web API are down,major,"Frontend,Web API"
modal,modal_42,2024-02-01T09:00:00Z,2024-02-01T09:00:00Z,0,feed,Database upgrade,minor,
modal,modal_43,2024-02-14T12:20:00Z,2024-02-14T12:20:00Z,0,feed,DNS issues causing website downtime and degradation of the service,major,
modal,modal_44,2024-02-27T00:32:39Z,2024-02-27T00:39:51Z,7,feed,Web endpoints is down,major,Web endpoints
modal,modal_45,2024-03-07T03:57:23Z,2024-03-07T04:02:29Z,5,feed,Web endpoints is down,major,Web endpoints
modal,modal_46,2024-03-20T19:00:00Z,2024-03-20T19:00:00Z,0,feed,Database upgrade,minor,
modal,modal_47,2024-03-22T07:00:00Z,2024-03-22T07:00:00Z,0,feed,Database migration,minor,
modal,modal_48,2024-04-05T04:00:00Z,2024-04-05T04:00:00Z,0,feed,Database migration,minor,
modal,modal_49,2024-04-07T16:50:00Z,2024-04-07T16:50:00Z,0,feed,False alerts for downtime,major,
modal,modal_50,2024-04-22T14:02:00Z,2024-04-22T15:41:00Z,99,feed,Database I/O load,major,
modal,modal_51,2024-05-20T07:37:26Z,2024-05-20T07:42:07Z,4,feed,"CPU functions on AWS, CPU functions on GCP, and 4 other services are down",major,CPU functions
modal,modal_52,2024-05-30T18:00:00Z,2024-05-30T18:00:00Z,0,feed,modal.com network ingress rollover,minor,
modal,modal_53,2024-06-05T22:36:40Z,2024-06-05T22:44:34Z,7,feed,GPU functions on GCP and Web endpoints are down,major,"GPU functions,Web endpoints"
modal,modal_54,2024-06-14T14:16:04Z,2024-06-14T14:47:03Z,30,feed,"CPU functions on AWS, CPU functions on GCP, and 4 other services are down",major,CPU functions
modal,modal_55,2024-07-12T16:50:11Z,2024-07-12T23:35:09Z,404,feed,"CPU functions on GCP, Web endpoints, and 1 other service are down",major,"CPU functions,Web endpoints"
modal,modal_56,2024-07-16T17:53:00Z,2024-07-16T18:43:00Z,50,feed,Modal function executions are degraded,minor,
modal,modal_57,2024-07-25T06:50:00Z,2024-07-25T06:50:00Z,0,feed,Ephemeral apps and image builds are degraded.,minor,Image builds
modal,modal_58,2024-09-13T17:59:00Z,2024-09-13T17:59:00Z,0,feed,Container filesystem 'file not found' bug,minor,
modal,modal_59,2024-09-24T17:51:00Z,2024-09-24T17:51:00Z,0,feed,CPU container performance degradation from over-scheduling on GCE n1-standard instance class,minor,CPU functions
modal,modal_60,2024-09-30T21:14:48Z,2024-09-30T21:17:34Z,2,feed,Image builds is down,major,Image builds
modal,modal_61,2024-10-31T14:30:37Z,2024-10-31T14:52:01Z,21,feed,Volumes is down,major,Volumes
modal,modal_62,2024-10-31T15:00:18Z,2024-10-31T15:00:18Z,0,feed,modal.com DNS updates,minor,
modal,modal_63,2024-12-04T16:00:00Z,2024-12-04T16:00:00Z,0,feed,Upgrading system components,minor,
modal,modal_64,2024-12-05T18:02:30Z,2024-12-05T18:04:36Z,2,feed,Snapshot restores (beta) is down,major,Snapshot restores
modal,modal_65,2025-01-09T19:00:00Z,2025-01-09T19:35:00Z,35,feed,"Performance degradation across Functions, Sandboxes, and web endpoints",minor,"Web endpoints,Sandboxes"
modal,modal_66,2025-01-15T01:08:27Z,2025-01-15T01:27:22Z,18,feed,Web endpoints is down,major,Web endpoints
modal,modal_67,2025-01-24T18:16:00Z,2025-01-24T18:50:00Z,34,feed,Dashboard is unavailable,major,
modal,modal_68,2025-02-06T18:00:39Z,2025-02-06T18:00:39Z,0,feed,Network infrastructure change,minor,
baseten,baseten_yhh6m6m5x2v6,2025-02-07T13:54:32.474-08:00,2025-02-07T14:17:14.999-08:00,22,feed,Elevated latencies for some models,minor,Dedicated Inference
modal,modal_69,2025-02-11T18:09:00Z,2025-02-11T18:16:00Z,7,feed,"Frontend, Web API, and 2 other services are down",major,"Frontend,Web API"
modal,modal_70,2025-02-11T18:09:00Z,2025-02-11T18:13:00Z,4,feed,Modal services are offline,minor,
baseten,baseten_66f79w0mtz2l,2025-02-14T13:56:58.001-08:00,2025-02-14T14:27:08.751-08:00,30,feed,Elevated latencies on some models,minor,Dedicated Inference
baseten,baseten_y5vr203lpwyc,2025-02-17T17:07:18.598-08:00,2025-02-17T17:30:08.513-08:00,22,feed,Intermittent errors with Baseten UI,minor,Web Application
modal,modal_71,2025-02-18T03:35:27Z,2025-02-18T03:37:48Z,2,feed,"CPU functions, GPU functions, and 1 other service are down",major,"CPU functions,GPU functions"
modal,modal_72,2025-02-24T22:31:00Z,2025-02-24T22:44:00Z,13,feed,Some services are down,major,
baseten,baseten_dqtnsy04843q,2025-02-25T09:40:05.370-08:00,2025-02-25T10:17:38.919-08:00,37,feed,Web app is inaccessible — inference is *not* affected,major,"Model Management API,Web Application"
baseten,baseten_ygwnq3l5xp8g,2025-02-25T10:54:52.919-08:00,2025-02-25T14:12:03.800-08:00,197,feed,Web app and non-inference API are intermittently down due to DDOS — inference is *not* affected,minor,"Model Management API,Web Application"
baseten,baseten_dkpnrd2b8mqb,2025-03-18T15:03:12.660-07:00,2025-03-18T16:02:15.926-07:00,59,feed,Degradation in model builds,minor,Model Management API
modal,modal_73,2025-03-18T21:47:14Z,2025-03-18T21:50:53Z,3,feed,Image builds is down,major,Image builds
baseten,baseten_pxdskq7b8rst,2025-03-21T11:26:31.476-07:00,2025-03-21T11:32:41.771-07:00,6,feed,"Degraded routing on a small subset of inference calls, affecting 3 customers.",minor,Dedicated Inference
modal,modal_74,2025-03-21T21:50:27Z,2025-03-21T22:45:14Z,54,feed,Volumes and Image builds are down,major,"Volumes,Image builds"
modal,modal_75,2025-03-26T18:41:00Z,2025-03-26T19:45:00Z,64,feed,Networking problems in Oracle Cloud,major,
modal,modal_76,2025-03-27T20:03:00Z,2025-03-27T20:03:00Z,0,feed,Cloudflare outage in us-east-1 causing Modal degradation in us-east-1,major,
baseten,baseten_swds6rcwbyt2,2025-04-03T17:25:47.560-07:00,2025-04-03T17:36:46.237-07:00,10,feed,Elevated GPU device failures in us-east,none,Dedicated Inference
modal,modal_77,2025-04-06T17:03:00Z,2025-04-06T17:03:00Z,0,feed,GCP networking issue degrading GCP-pinned Modal containers,minor,
baseten,baseten_xrlxq49dwjwz,2025-04-24T11:30:59.991-07:00,2025-04-24T12:04:15.601-07:00,33,feed,A few A100 nodes are failing. Recovery is in progress.,minor,Dedicated Inference
baseten,baseten_xy6rgcr63dft,2025-05-01T17:43:28.082-07:00,2025-05-01T17:59:38.255-07:00,16,feed,Noticing elevated inference latencies in one cluster,minor,Dedicated Inference
modal,modal_78,2025-05-08T19:22:00Z,2025-05-08T20:15:00Z,53,feed,Sandbox scheduling is down,major,Sandboxes
modal,modal_79,2025-05-15T15:04:35Z,2025-05-15T15:09:26Z,4,feed,Web endpoints is down,major,Web endpoints
modal,modal_80,2025-05-22T14:06:57Z,2025-05-22T14:09:32Z,2,feed,Web API is down,major,Web API
modal,modal_81,2025-05-22T18:00:28Z,2025-05-22T18:00:28Z,0,feed,Internal networking update,minor,
baseten,baseten_gjqhgf6nqp0l,2025-06-03T03:02:17.721-07:00,2025-06-03T06:40:41.560-07:00,218,feed,The main web application is not loading; inference is unaffected,minor,Web Application
baseten,baseten_j64s8szdkqn5,2025-06-03T10:59:56.223-07:00,2025-06-03T11:05:08.039-07:00,5,feed,The web application and the model management API are having intermittent failures. Inference is *not* affected.,minor,"Model Management API,Web Application"
baseten,baseten_6z5mjrgrp27x,2025-06-06T06:00:00.000-07:00,2025-06-06T06:00:00.000-07:00,0,feed,Degraded performance only on Deepseek V3 0324,minor,
baseten,baseten_152th078gwqz,2025-06-06T07:00:00.000-07:00,2025-06-06T07:00:00.000-07:00,0,feed,Deepseek V3 API Operational,none,
modal,modal_82,2025-06-07T03:59:21Z,2025-06-07T03:59:21Z,0,feed,Infrastructure Upgrade,minor,
baseten,baseten_p4s4zsjhg198,2025-06-12T11:17:41.000-07:00,2025-06-12T11:33:01.010-07:00,15,feed,Major outage in GCP with partial impact on several customers,none,Dedicated Inference
baseten,baseten_6tz79y70lfqj,2025-06-20T10:38:54.420-07:00,2025-06-20T10:44:28.417-07:00,5,feed,Elevated inference 500s for a subset of models deployed in GCP central1,major,Dedicated Inference
modal,modal_83,2025-06-27T02:51:00Z,2025-06-27T03:08:00Z,17,feed,Service incident,minor,
modal,modal_84,2025-06-27T02:53:25Z,2025-06-27T03:08:12Z,14,feed,Web API and Web endpoints are down,major,"Web endpoints,Web API"
modal,modal_85,2025-06-30T19:40:00Z,2025-06-30T19:59:00Z,19,feed,Sandbox exec processes fail after 5 minutes,minor,Sandboxes
baseten,baseten_lx2sbv625c14,2025-07-04T07:12:24.461-07:00,2025-07-04T07:23:03.663-07:00,10,feed,Issue with image builds for new models,minor,Model Management API
modal,modal_86,2025-07-14T18:00:00Z,2025-07-14T18:00:00Z,0,feed,Infrastructure Upgrade,minor,
modal,modal_87,2025-07-14T18:26:00Z,2025-07-14T18:42:00Z,16,feed,"CPU functions, GPU functions, and 3 other services are down",major,"CPU functions,GPU functions"
baseten,baseten_h3xkkd16z72v,2025-07-16T09:02:34.000-07:00,2025-07-16T11:54:34.101-07:00,172,feed,Elevated inference latencies in 3 clusters,minor,Dedicated Inference
baseten,baseten_mb2mqcd34dt7,2025-07-19T21:14:40.257-07:00,2025-07-19T22:41:17.866-07:00,86,feed,DeepSeek and Llama model APIs are down. Dedicated inference is *not* affected.,none,Model APIs
baseten,baseten_xk4jypqwx42f,2025-07-19T22:48:47.561-07:00,2025-07-19T22:55:18.559-07:00,6,feed,Elevated errors in model APIs. Dedicated inference is *not* affected.,major,Model APIs
modal,modal_88,2025-07-22T01:09:00Z,2025-07-22T02:32:00Z,83,feed,"TLS issue with web endpoints on new, custom domains",major,Web endpoints
baseten,baseten_2wpr5xp5hf0l,2025-07-22T12:09:21.337-07:00,2025-07-22T12:24:21.296-07:00,14,feed,Elevated inference 500s for a subset of models deployed in GCP central1,major,Dedicated Inference
modal,modal_89,2025-07-22T16:18:00Z,2025-07-22T16:20:00Z,2,feed,Investigating reports of dashboard unavailability,minor,
baseten,baseten_j8b9c9l30xpx,2025-07-23T11:32:05.000-07:00,2025-07-23T11:43:42.951-07:00,11,feed,Elevated inference 500s for a subset of models deployed in GCP central1,major,Dedicated Inference
modal,modal_90,2025-07-23T23:20:00Z,2025-07-23T23:40:00Z,20,feed,Dashboard and tasks logs are slow to update,minor,
baseten,baseten_yyqqq80zjnxy,2025-07-24T00:06:58.763-07:00,2025-07-24T01:05:12.516-07:00,58,feed,Elevated inference 500s for a subset of models deployed in GCP central1,major,Dedicated Inference
baseten,baseten_3mdm1dtt570h,2025-07-25T05:21:20.213-07:00,2025-07-25T05:58:30.138-07:00,37,feed,Elevated inference 500s for a subset of models deployed in GCP central1,major,Dedicated Inference
baseten,baseten_xpvch69rhydw,2025-08-05T21:18:47.749-07:00,2025-08-05T21:34:20.176-07:00,15,feed,GCP is reporting elevated packet loss in us-central1,minor,"Dedicated Inference,Model APIs"
modal,modal_91,2025-08-12T05:38:00Z,2025-08-12T06:30:00Z,52,feed,Degraded container scheduling,minor,GPU functions
modal,modal_92,2025-08-19T15:01:00Z,2025-08-19T15:24:00Z,23,feed,Image builds / volumes experiencing issues,minor,"Volumes,Image builds"
modal,modal_93,2025-08-20T15:39:00Z,2025-08-20T15:39:00Z,0,feed,All services are online,minor,
modal,modal_94,2025-08-21T18:33:00Z,2025-08-21T19:24:00Z,51,feed,Degraded task startup / volume operations,minor,Volumes
modal,modal_95,2025-08-26T14:31:00Z,2025-08-26T15:10:00Z,39,feed,Modal.com dashboards and image builds are degraded,minor,Image builds
modal,modal_96,2025-09-08T10:27:00Z,2025-09-08T11:06:00Z,39,feed,"A10G, L40S scheduling latency is high",minor,
modal,modal_97,2025-09-15T13:45:42Z,2025-09-15T14:30:21Z,44,feed,Image builds is down,major,Image builds
baseten,baseten_2rk8vtk4q4nj,2025-09-22T11:41:28.000-07:00,2025-09-22T11:54:03.000-07:00,12,feed,L4 capacity in single us-east region having issues,minor,Dedicated Inference
modal,modal_98,2025-09-22T15:55:00Z,2025-09-22T15:55:00Z,0,feed,Emails from modal.com are not sending,minor,
baseten,baseten_txq6n57kv1pv,2025-09-24T17:17:46.657-07:00,2025-09-24T18:15:10.400-07:00,57,feed,Build Infrastructure degraded due to Dockerhub outage,major,Web Application
modal,modal_99,2025-09-30T03:13:29Z,2025-09-30T03:26:57Z,13,feed,Web endpoints is down,major,Web endpoints
baseten,baseten_fmwnrh1vsjlt,2025-10-13T12:31:00.255-07:00,2025-10-13T12:45:23.095-07:00,14,feed,High latency on Baseten Web Application and Model Management APIs. Inference is unaffected.,minor,"Model Management API,Web Application"
modal,modal_100,2025-10-14T00:56:00Z,2025-10-14T01:14:00Z,18,feed,Modal Tunnels servers hitting certificate expiry,minor,
baseten,baseten_x4zc1xry34fs,2025-10-20T00:15:50.000-07:00,2025-10-20T02:31:37.000-07:00,135,feed,Baseten Web Application is down due to AWS outage. Inference is unaffected.,minor,Web Application
modal,modal_101,2025-10-20T07:12:00Z,2025-10-20T23:30:00Z,978,feed,Some services are down,major,
baseten,baseten_9f069dvppqpq,2025-10-20T12:38:44.000-07:00,2025-10-20T19:15:47.154-07:00,397,feed,Login timing out on webapp,minor,Web Application
baseten,baseten_c2smd7s42rhl,2025-10-22T17:29:29.408-07:00,2025-10-22T17:44:38.134-07:00,15,feed,Model logs are slow to load in a single cluster. Inference is not affected.,minor,Web Application
baseten,baseten_276pjvpkllss,2025-10-24T14:46:58.087-07:00,2025-10-24T19:00:53.166-07:00,253,feed,Slower than usual scale-ups in 2 regions,minor,Dedicated Inference
modal,modal_102,2025-10-24T20:29:00Z,2025-10-24T20:43:00Z,14,feed,Database issue affected the service,minor,
baseten,baseten_mx3wcd2337rp,2025-10-25T06:27:58.224-07:00,2025-10-25T10:10:44.953-07:00,222,feed,Slower than usual scale-ups in 1 region,minor,Dedicated Inference
baseten,baseten_w99gz3g3djkd,2025-10-30T08:01:56.000-07:00,2025-10-30T08:10:53.000-07:00,8,feed,Elevated errors in model deploys and promotions in 2 clusters. Inference is *not* affected.,major,Model Management API
baseten,baseten_90lr1l8kg5s9,2025-11-01T13:27:16.477-07:00,2025-11-01T14:06:01.407-07:00,38,feed,Elevated errors and delays in new model deploys in 1 cluster. Inference is *not* affected.,none,Model Management API
baseten,baseten_t2qt0s2pcwjt,2025-11-03T05:45:56.243-08:00,2025-11-03T06:01:07.987-08:00,15,feed,New builds are failing to push. Inference is *not* affected,minor,Model Management API
modal,modal_103,2025-11-10T20:17:00Z,2025-11-10T22:34:00Z,137,feed,Elevated latency on some RPCs,minor,
baseten,baseten_q4qgnl6lhlfh,2025-11-17T05:01:18.000-08:00,2025-11-17T05:20:36.000-08:00,19,feed,Elevated error rates for inference requests for a subset of models in GCP us-central1,major,Dedicated Inference
modal,modal_104,2025-11-19T09:00:00Z,2025-11-19T09:00:00Z,0,feed,Volume version 2 maintenance,minor,Volumes
modal,modal_105,2025-11-20T03:08:00Z,2025-11-20T03:08:00Z,0,feed,Web endpoints incurring degradation,minor,Web endpoints
modal,modal_106,2025-11-25T15:08:00Z,2025-11-25T15:25:00Z,17,feed,Config change causes container filesystem IO errors,minor,
modal,modal_107,2025-11-27T00:21:00Z,2025-11-27T00:21:00Z,0,feed,"CPU functions, GPU functions, and 4 other services are down",major,"CPU functions,GPU functions"
modal,modal_108,2025-12-01T16:25:43Z,2025-12-01T16:51:00Z,25,feed,Some services are down,major,
modal,modal_109,2025-12-03T19:10:00Z,2025-12-03T19:50:00Z,40,feed,"DNS servers flooded with MX records, causing DNS query timeouts",minor,
modal,modal_110,2025-12-05T01:10:00Z,2025-12-05T01:10:00Z,0,feed,Frontend website is down,major,Frontend
baseten,baseten_h293c5jvmd85,2025-12-06T12:46:21.287-08:00,2025-12-06T13:06:47.662-08:00,20,feed,Deepseek V3-0324 on Model APIs is down. **Dedicated inference is not affected**.,major,Model APIs
modal,modal_111,2025-12-10T09:52:00Z,2025-12-10T10:05:00Z,13,feed,GPU Function queueing due to Tailscale outage,major,GPU functions
modal,modal_112,2025-12-16T12:25:00Z,2025-12-16T13:37:00Z,72,feed,Issue with volumes,major,Volumes
modal,modal_113,2025-12-18T19:57:46Z,2025-12-18T20:07:02Z,9,feed,Image builds is down,major,Image builds
baseten,baseten_9db4l4h05ltd,2025-12-20T16:40:48.780-08:00,2025-12-20T17:35:31.252-08:00,54,feed,Slower than usual scale-ups and new deploys for all models in GCP,minor,Dedicated Inference
baseten,baseten_vm9ds80g7ky5,2025-12-21T08:49:42.762-08:00,2025-12-21T09:11:40.033-08:00,21,feed,GPT-OSS on Model APIs is degraded. **Dedicated inference is not affected**.,minor,Model APIs
modal,modal_114,2025-12-24T02:31:00Z,2025-12-24T02:47:00Z,16,feed,Scheduling of new containers failing,minor,
modal,modal_115,2025-12-28T09:12:00Z,2025-12-28T11:06:00Z,114,feed,Some services are down due to Database,major,
together,together_1,2026-01-13T10:39:45Z,2026-01-13T10:54:39Z,14,feed,Qwen3 VL 8B Instruct outage,minor,Qwen3 VL 8B Instruct
together,together_2,2026-01-13T12:40:36Z,2026-01-13T12:55:17Z,14,feed,Qwen3 VL 8B Instruct outage,minor,Qwen3 VL 8B Instruct
together,together_3,2026-01-13T20:05:13Z,2026-01-13T20:38:06Z,32,feed,Mixtral-8x7B Instruct (46.7B) outage,minor,Mixtral-8x7B Instruct (46.7B)
together,together_4,2026-01-13T20:43:34Z,2026-01-13T21:00:32Z,16,feed,Qwen3 VL 8B Instruct outage,minor,Qwen3 VL 8B Instruct
together,together_5,2026-01-13T22:08:08Z,2026-01-13T22:47:12Z,39,feed,Mixtral-8x7B Instruct (46.7B) outage,minor,Mixtral-8x7B Instruct (46.7B)
together,together_6,2026-01-13T23:35:36Z,2026-01-14T00:15:44Z,40,feed,Qwen3 VL 8B Instruct outage,minor,Qwen3 VL 8B Instruct
together,together_7,2026-01-14T00:38:04Z,2026-01-14T01:05:13Z,27,feed,Mixtral-8x7B Instruct (46.7B) outage,minor,Mixtral-8x7B Instruct (46.7B)
together,together_8,2026-01-14T01:23:03Z,2026-01-14T02:11:06Z,48,feed,Mixtral-8x7B Instruct (46.7B) outage,minor,Mixtral-8x7B Instruct (46.7B)
together,together_9,2026-01-14T02:10:38Z,2026-01-14T02:39:34Z,28,feed,Qwen3 VL 8B Instruct outage,minor,Qwen3 VL 8B Instruct
together,together_10,2026-01-14T02:49:27Z,2026-01-14T03:12:44Z,23,feed,Qwen3 VL 8B Instruct outage,minor,Qwen3 VL 8B Instruct
together,together_11,2026-01-14T08:50:36Z,2026-01-14T09:12:29Z,21,feed,Qwen3 VL 8B Instruct outage,minor,Qwen3 VL 8B Instruct
together,together_12,2026-01-14T09:58:35Z,2026-01-14T10:18:38Z,20,feed,Qwen3 VL 8B Instruct outage,minor,Qwen3 VL 8B Instruct
together,together_14,2026-01-14T13:49:34Z,2026-01-14T14:06:40Z,17,feed,Qwen3 VL 8B Instruct outage,minor,Qwen3 VL 8B Instruct
together,together_13,2026-01-14T13:53:10Z,2026-01-14T14:05:09Z,11,feed,Mixtral-8x7B Instruct (46.7B) outage,minor,Mixtral-8x7B Instruct (46.7B)
modal,modal_116,2026-01-14T23:04:00Z,2026-01-15T00:00:00Z,56,feed,Capacity Loss,minor,
modal,modal_117,2026-01-15T01:15:00Z,2026-01-15T22:27:00Z,1272,feed,Intermittent problems accessing Volumes via CLI and dashboard,major,Volumes
together,together_15,2026-01-15T05:06:36Z,2026-01-15T05:24:39Z,18,feed,Qwen3 VL 8B Instruct outage,minor,Qwen3 VL 8B Instruct
modal,modal_118,2026-01-18T05:43:00Z,2026-01-18T06:03:00Z,20,feed,Flash Proxy down in us-west,major,
together,together_16,2026-01-18T21:35:02Z,2026-01-18T21:47:05Z,12,feed,Mixtral-8x7B Instruct (46.7B) outage,minor,Mixtral-8x7B Instruct (46.7B)
fireworks,fireworks_1,2026-01-19T18:38:08Z,2026-01-19T18:40:33Z,2,feed,Kimi K2 Instruct 0905 chat completion API outage,minor,Kimi K2 Instruct 0905 chat completion API
fireworks,fireworks_2,2026-01-20T01:55:18Z,2026-01-20T02:13:33Z,18,feed,Kimi K2 Instruct 0905 chat completion API outage,minor,Kimi K2 Instruct 0905 chat completion API
together,together_17,2026-01-20T08:09:16Z,2026-01-20T08:27:06Z,17,feed,Qwen3 235B A22B Instruct 2507 Throughput outage,minor,Qwen3 235B A22B Instruct 2507 Throughput
together,together_18,2026-01-20T08:42:59Z,2026-01-20T12:18:04Z,215,feed,Qwen3 235B A22B Instruct 2507 Throughput outage,major,Qwen3 235B A22B Instruct 2507 Throughput
fireworks,fireworks_3,2026-01-20T09:06:08Z,2026-01-20T09:08:50Z,2,feed,Llama 3.3 70B Instruct chat completion API outage,minor,Llama 3.3 70B Instruct chat completion API
together,together_19,2026-01-20T12:25:08Z,2026-01-20T14:00:50Z,95,feed,Qwen3 235B A22B Instruct 2507 Throughput outage,major,Qwen3 235B A22B Instruct 2507 Throughput
together,together_20,2026-01-20T14:05:02Z,2026-01-20T15:18:10Z,73,feed,Qwen3 235B A22B Instruct 2507 Throughput outage,major,Qwen3 235B A22B Instruct 2507 Throughput
together,together_21,2026-01-20T15:58:02Z,2026-01-20T17:47:58Z,109,feed,Qwen3 235B A22B Instruct 2507 Throughput outage,major,Qwen3 235B A22B Instruct 2507 Throughput
together,together_22,2026-01-20T18:07:59Z,2026-01-20T18:53:59Z,46,feed,Qwen3 235B A22B Instruct 2507 Throughput outage,minor,Qwen3 235B A22B Instruct 2507 Throughput
modal,modal_119,2026-01-21T02:00:00Z,2026-01-21T05:40:00Z,220,feed,Volume degradation,major,Volumes
baseten,baseten_29kl9tbwfzk9,2026-01-21T12:34:39.951-08:00,2026-01-21T13:37:49.333-08:00,63,feed,Elevated latency for inference requests in single region in Baseten Cloud West,minor,Dedicated Inference
fireworks,fireworks_4,2026-01-21T12:53:16Z,2026-01-21T12:56:07Z,2,feed,Nomic Embed Text v1.5 embeddings API outage,minor,Nomic Embed Text v1.5 embeddings API
fireworks,fireworks_5,2026-01-21T18:59:05Z,2026-01-21T19:01:22Z,2,feed,Kimi K2 Instruct 0905 chat completion API outage,minor,Kimi K2 Instruct 0905 chat completion API
baseten,baseten_cvq9y46gb1jy,2026-01-22T12:17:39.622-08:00,2026-01-22T12:41:37.796-08:00,23,feed,Baseten web app is down. **Inference is unaffected**,major,Web Application
together,together_23,2026-01-22T21:28:53Z,2026-01-22T21:43:57Z,15,feed,FLUX.1 Krea [dev] outage,minor,FLUX.1 Krea [dev]
together,together_24,2026-01-23T17:53:30Z,2026-01-23T18:14:27Z,20,feed,OpenAI GPT OSS 120B outage,minor,OpenAI GPT OSS 120B
together,together_25,2026-01-23T17:57:36Z,2026-01-23T18:24:32Z,26,feed,Qwen3 VL 8B Instruct outage,minor,Qwen3 VL 8B Instruct
together,together_26,2026-01-23T19:23:03Z,2026-01-23T19:47:04Z,24,feed,Mixtral-8x7B Instruct (46.7B) outage,minor,Mixtral-8x7B Instruct (46.7B)
modal,modal_120,2026-01-24T11:10:20Z,2026-01-24T11:16:39Z,6,feed,Image builds is down,major,Image builds
together,together_27,2026-01-24T11:41:02Z,2026-01-24T12:03:02Z,22,feed,Qwen3 235B A22B Instruct 2507 Throughput outage,minor,Qwen3 235B A22B Instruct 2507 Throughput
together,together_28,2026-01-27T19:13:48Z,2026-01-27T19:43:50Z,30,feed,FLUX.1 Krea [dev] outage,minor,FLUX.1 Krea [dev]
together,together_29,2026-01-28T04:06:29Z,2026-01-28T04:45:19Z,38,feed,Qwen3 235B A22B Thinking 2507 outage,minor,Qwen3 235B A22B Thinking 2507
together,together_30,2026-01-28T23:15:35Z,2026-01-28T23:32:09Z,16,feed,Deepseek R1 outage,minor,Deepseek R1
together,together_31,2026-01-29T19:48:33Z,2026-01-29T20:01:47Z,13,feed,Deepseek R1 outage,minor,Deepseek R1
together,together_32,2026-01-29T20:57:27Z,2026-01-29T21:11:00Z,13,feed,Deepseek R1 outage,minor,Deepseek R1
together,together_33,2026-01-30T22:15:53Z,2026-01-30T22:43:56Z,28,feed,FLUX.1 Krea [dev] outage,minor,FLUX.1 Krea [dev]
together,together_34,2026-01-31T02:51:51Z,2026-01-31T03:11:48Z,19,feed,Voxtral Mini 3B 2507 outage,minor,Voxtral Mini 3B 2507
modal,modal_121,2026-02-01T09:03:00Z,2026-02-01T09:41:00Z,38,feed,Dashboard is degraded,minor,
together,together_35,2026-02-02T04:06:31Z,2026-02-02T04:18:39Z,12,feed,Qwen3 VL 8B Instruct outage,minor,Qwen3 VL 8B Instruct
together,together_36,2026-02-02T17:59:04Z,2026-02-02T18:17:18Z,18,feed,Deepseek V3.1 outage,minor,Deepseek V3.1
together,together_37,2026-02-02T20:41:36Z,2026-02-02T20:56:38Z,15,feed,OpenAI GPT OSS 120B outage,minor,OpenAI GPT OSS 120B
together,together_38,2026-02-02T23:50:23Z,2026-02-03T00:23:33Z,33,feed,Moonshot Kimi K2.5 outage,minor,Moonshot Kimi K2.5
fireworks,fireworks_6,2026-02-03T01:10:36Z,2026-02-03T01:16:34Z,5,feed,Kimi K2 Instruct 0905 chat completion API outage,minor,Kimi K2 Instruct 0905 chat completion API
fireworks,fireworks_7,2026-02-03T01:34:45Z,2026-02-03T02:22:08Z,47,feed,Kimi K2 Instruct 0905 chat completion API outage,minor,Kimi K2 Instruct 0905 chat completion API
together,together_39,2026-02-03T01:36:34Z,2026-02-03T01:49:39Z,13,feed,Deepseek R1 outage,minor,Deepseek R1
fireworks,fireworks_8,2026-02-03T10:26:16Z,2026-02-03T10:31:14Z,4,feed,Kimi K2 Instruct 0905 chat completion API outage,minor,Kimi K2 Instruct 0905 chat completion API
fireworks,fireworks_9,2026-02-03T13:43:42Z,2026-02-03T13:46:38Z,2,feed,Kimi K2 Instruct 0905 chat completion API outage,minor,Kimi K2 Instruct 0905 chat completion API
fireworks,fireworks_10,2026-02-03T13:52:43Z,2026-02-03T13:58:18Z,5,feed,Kimi K2 Instruct 0905 chat completion API outage,minor,Kimi K2 Instruct 0905 chat completion API
fireworks,fireworks_11,2026-02-03T14:41:13Z,2026-02-03T14:46:15Z,5,feed,Kimi K2 Instruct 0905 chat completion API outage,minor,Kimi K2 Instruct 0905 chat completion API
fireworks,fireworks_12,2026-02-04T07:37:55Z,2026-02-04T07:40:52Z,2,feed,Qwen3 Embedding 8B embeddings API outage,minor,Qwen3 Embedding 8B embeddings API
fireworks,fireworks_13,2026-02-04T16:17:09Z,2026-02-04T16:41:46Z,24,feed,Kimi K2 Instruct 0905 chat completion API outage,minor,Kimi K2 Instruct 0905 chat completion API
fireworks,fireworks_14,2026-02-05T06:44:15Z,2026-02-05T06:49:53Z,5,feed,Kimi K2 Instruct 0905 chat completion API outage,minor,Kimi K2 Instruct 0905 chat completion API
fireworks,fireworks_15,2026-02-05T10:17:13Z,2026-02-05T10:19:32Z,2,feed,Kimi K2 Instruct 0905 chat completion API outage,minor,Kimi K2 Instruct 0905 chat completion API
fireworks,fireworks_16,2026-02-05T10:28:45Z,2026-02-05T10:43:56Z,15,feed,Kimi K2 Instruct 0905 chat completion API outage,minor,Kimi K2 Instruct 0905 chat completion API
fireworks,fireworks_17,2026-02-05T20:17:17Z,2026-02-05T20:19:24Z,2,feed,Kimi K2 Instruct 0905 chat completion API outage,minor,Kimi K2 Instruct 0905 chat completion API
together,together_40,2026-02-05T22:17:43Z,2026-02-05T22:35:31Z,17,feed,OpenAI GPT OSS 120B outage,minor,OpenAI GPT OSS 120B
modal,modal_122,2026-02-06T09:51:07Z,2026-02-06T09:55:18Z,4,feed,Image builds is down,major,Image builds
together,together_41,2026-02-06T09:56:08Z,2026-02-06T10:16:59Z,20,feed,Mixtral-8x7B Instruct (46.7B) outage,minor,Mixtral-8x7B Instruct (46.7B)
together,together_42,2026-02-06T11:38:11Z,2026-02-06T12:26:05Z,47,feed,Mixtral-8x7B Instruct (46.7B) outage,minor,Mixtral-8x7B Instruct (46.7B)
together,together_43,2026-02-06T12:38:06Z,2026-02-06T12:53:09Z,15,feed,Mixtral-8x7B Instruct (46.7B) outage,minor,Mixtral-8x7B Instruct (46.7B)
together,together_44,2026-02-06T13:32:05Z,2026-02-06T14:17:37Z,45,feed,Mixtral-8x7B Instruct (46.7B) outage,minor,Mixtral-8x7B Instruct (46.7B)
together,together_45,2026-02-06T15:38:05Z,2026-02-06T16:02:14Z,24,feed,Mixtral-8x7B Instruct (46.7B) outage,minor,Mixtral-8x7B Instruct (46.7B)
together,together_46,2026-02-06T19:38:06Z,2026-02-06T20:12:10Z,34,feed,Mixtral-8x7B Instruct (46.7B) outage,minor,Mixtral-8x7B Instruct (46.7B)
together,together_47,2026-02-06T20:43:50Z,2026-02-06T22:08:30Z,84,feed,Moonshot Kimi K2.5 outage,major,Moonshot Kimi K2.5
modal,modal_123,2026-02-08T19:25:00Z,2026-02-08T20:08:00Z,43,feed,Function input retrievable and output publishing degraded,minor,
together,together_48,2026-02-09T02:08:34Z,2026-02-09T02:37:39Z,29,feed,Deepseek R1 outage,minor,Deepseek R1
baseten,baseten_n2kgjd0911bn,2026-02-09T07:20:22.282-08:00,2026-02-09T09:33:45.599-08:00,133,feed,Elevated inference latencies in AWS us-west-2,minor,Dedicated Inference
together,together_49,2026-02-09T17:47:31Z,2026-02-09T18:17:29Z,29,feed,Moonshot Kimi K2.5 outage,minor,Moonshot Kimi K2.5
fireworks,fireworks_18,2026-02-09T23:13:53Z,2026-02-09T23:16:49Z,2,feed,Qwen3 Embedding 8B embeddings API outage,minor,Qwen3 Embedding 8B embeddings API
together,together_50,2026-02-10T02:06:38Z,2026-02-10T02:28:38Z,22,feed,Deepseek R1 outage,minor,Deepseek R1
together,together_51,2026-02-10T02:33:35Z,2026-02-10T02:49:29Z,15,feed,Deepseek R1 outage,minor,Deepseek R1
together,together_52,2026-02-10T03:24:37Z,2026-02-10T03:46:38Z,22,feed,Deepseek R1 outage,minor,Deepseek R1
modal,modal_124,2026-02-10T15:03:00Z,2026-02-10T15:27:00Z,24,feed,Regional input planes are down,major,
together,together_53,2026-02-11T12:21:39Z,2026-02-11T12:45:49Z,24,feed,Qwen3 VL 8B Instruct outage,minor,Qwen3 VL 8B Instruct
modal,modal_125,2026-02-11T13:40:00Z,2026-02-11T14:45:00Z,65,feed,Web endpoint latency degradation,major,Web endpoints
together,together_56,2026-02-12T01:21:46Z,2026-02-12T19:51:36Z,1109,feed,Playground outage,major,Playground
fireworks,fireworks_19,2026-02-12T08:51:32Z,2026-02-12T09:00:11Z,8,feed,Llama 3.3 70B Instruct chat completion API outage,minor,Llama 3.3 70B Instruct chat completion API
together,together_54,2026-02-12T15:12:24Z,2026-02-12T16:00:34Z,48,feed,Qwen3 VL 8B Instruct outage,minor,Qwen3 VL 8B Instruct
together,together_55,2026-02-12T19:01:27Z,2026-02-12T19:34:24Z,32,feed,Qwen3 VL 8B Instruct outage,minor,Qwen3 VL 8B Instruct
baseten,baseten_kj2wmxvngw72,2026-02-12T19:57:48.000-08:00,2026-02-12T23:23:17.494-08:00,205,feed,Network Errors in single EU Cluster,minor,Dedicated Inference
together,together_57,2026-02-13T02:13:46Z,2026-02-13T02:35:44Z,21,feed,OpenAI GPT OSS 20B outage,minor,OpenAI GPT OSS 20B
together,together_58,2026-02-13T02:58:38Z,2026-02-13T03:29:40Z,31,feed,OpenAI GPT OSS 20B outage,minor,OpenAI GPT OSS 20B
together,together_59,2026-02-13T06:47:43Z,2026-02-13T07:11:52Z,24,feed,OpenAI GPT OSS 20B outage,minor,OpenAI GPT OSS 20B
together,together_60,2026-02-13T08:25:44Z,2026-02-13T09:20:46Z,55,feed,OpenAI GPT OSS 20B outage,minor,OpenAI GPT OSS 20B
together,together_61,2026-02-13T09:56:55Z,2026-02-13T10:35:48Z,38,feed,OpenAI GPT OSS 20B outage,minor,OpenAI GPT OSS 20B
together,together_63,2026-02-13T13:58:49Z,2026-02-13T15:08:55Z,70,feed,OpenAI GPT OSS 20B outage,major,OpenAI GPT OSS 20B
together,together_62,2026-02-13T14:06:27Z,2026-02-13T14:28:43Z,22,feed,Deepseek R1 outage,minor,Deepseek R1
together,together_64,2026-02-13T15:30:51Z,2026-02-13T15:43:55Z,13,feed,FLUX.1 Krea [dev] outage,minor,FLUX.1 Krea [dev]
together,together_65,2026-02-13T15:33:36Z,2026-02-13T15:53:41Z,20,feed,OpenAI GPT OSS 20B outage,minor,OpenAI GPT OSS 20B
together,together_66,2026-02-13T18:45:48Z,2026-02-13T18:58:57Z,13,feed,FLUX.1 Krea [dev] outage,minor,FLUX.1 Krea [dev]
fireworks,fireworks_20,2026-02-13T20:35:25Z,2026-02-13T20:40:54Z,5,feed,Qwen3 Embedding 8B embeddings API outage,minor,Qwen3 Embedding 8B embeddings API
fireworks,fireworks_21,2026-02-13T23:56:30Z,2026-02-14T00:04:54Z,8,feed,Qwen3 Embedding 8B embeddings API outage,minor,Qwen3 Embedding 8B embeddings API
together,together_67,2026-02-13T23:58:40Z,2026-02-14T00:15:02Z,16,feed,OpenAI GPT OSS 20B outage,minor,OpenAI GPT OSS 20B
together,together_68,2026-02-14T00:57:59Z,2026-02-14T01:23:40Z,25,feed,OpenAI GPT OSS 20B outage,minor,OpenAI GPT OSS 20B
together,together_69,2026-02-14T01:46:42Z,2026-02-14T01:59:43Z,13,feed,OpenAI GPT OSS 20B outage,minor,OpenAI GPT OSS 20B
together,together_70,2026-02-14T02:10:43Z,2026-02-14T02:23:46Z,13,feed,OpenAI GPT OSS 20B outage,minor,OpenAI GPT OSS 20B
together,together_71,2026-02-14T02:27:45Z,2026-02-14T02:53:35Z,25,feed,OpenAI GPT OSS 20B outage,minor,OpenAI GPT OSS 20B
together,together_72,2026-02-14T06:02:50Z,2026-02-14T08:59:45Z,176,feed,OpenAI GPT OSS 20B outage,major,OpenAI GPT OSS 20B
together,together_73,2026-02-14T09:44:07Z,2026-02-14T09:58:59Z,14,feed,Mixtral-8x7B Instruct (46.7B) outage,minor,Mixtral-8x7B Instruct (46.7B)
fireworks,fireworks_22,2026-02-16T05:25:55Z,2026-02-16T05:28:49Z,2,feed,Qwen3 Embedding 8B embeddings API outage,minor,Qwen3 Embedding 8B embeddings API
fireworks,fireworks_23,2026-02-16T07:04:56Z,2026-02-16T07:07:52Z,2,feed,Qwen3 Embedding 8B embeddings API outage,minor,Qwen3 Embedding 8B embeddings API
together,together_74,2026-02-16T13:56:33Z,2026-02-16T14:25:34Z,29,feed,Deepseek R1 outage,minor,Deepseek R1
together,together_75,2026-02-16T20:40:55Z,2026-02-17T04:05:02Z,444,feed,Qwen3.5 397B A17B outage,major,Qwen3.5 397B A17B
fireworks,fireworks_24,2026-02-17T08:59:09Z,2026-02-17T09:02:02Z,2,feed,Qwen3 Embedding 8B embeddings API outage,minor,Qwen3 Embedding 8B embeddings API
together,together_76,2026-02-17T14:30:38Z,2026-02-17T15:57:42Z,87,feed,Qwen3 VL 8B Instruct outage,major,Qwen3 VL 8B Instruct
fireworks,fireworks_25,2026-02-17T21:46:58Z,2026-02-17T21:49:48Z,2,feed,Qwen3 Embedding 8B embeddings API outage,minor,Qwen3 Embedding 8B embeddings API
together,together_77,2026-02-18T20:39:30Z,2026-02-18T20:52:36Z,13,feed,Deepseek R1 outage,minor,Deepseek R1
fireworks,fireworks_26,2026-02-20T00:59:30Z,2026-02-20T01:05:35Z,6,feed,Llama 3.3 70B Instruct chat completion API outage,minor,Llama 3.3 70B Instruct chat completion API
fireworks,fireworks_27,2026-02-20T02:29:32Z,2026-02-20T02:32:36Z,3,feed,Llama 3.3 70B Instruct chat completion API outage,minor,Llama 3.3 70B Instruct chat completion API
together,together_78,2026-02-20T11:57:40Z,2026-02-20T12:12:36Z,14,feed,Qwen3 VL 8B Instruct outage,minor,Qwen3 VL 8B Instruct
modal,modal_126,2026-02-20T13:30:00Z,2026-02-20T18:43:00Z,313,feed,A fraction of new containers are experiencing errors,major,
together,together_79,2026-02-20T14:24:22Z,2026-02-20T15:24:16Z,59,feed,FLUX.1 [schnell] outage,minor,FLUX.1 [schnell]
together,together_80,2026-02-20T18:06:42Z,2026-02-20T18:19:36Z,12,feed,Deepseek R1 outage,minor,Deepseek R1
together,together_81,2026-02-20T18:33:30Z,2026-02-20T19:04:37Z,31,feed,Deepseek R1 outage,minor,Deepseek R1
together,together_82,2026-02-21T00:02:22Z,2026-02-21T02:11:22Z,129,feed,Moonshot Kimi K2.5 outage,major,Moonshot Kimi K2.5
together,together_84,2026-02-21T06:07:14Z,2026-02-21T07:19:18Z,72,feed,Orpheus TTS outage,major,Orpheus TTS
together,together_83,2026-02-21T06:24:02Z,2026-02-21T06:59:01Z,34,feed,Qwen3.5 397B A17B outage,minor,Qwen3.5 397B A17B
fireworks,fireworks_28,2026-02-21T18:05:32Z,2026-02-21T18:08:34Z,3,feed,Llama 3.3 70B Instruct chat completion API outage,minor,Llama 3.3 70B Instruct chat completion API
together,together_85,2026-02-22T14:14:35Z,2026-02-22T14:32:40Z,18,feed,Whisper Large V3 outage,minor,Whisper Large V3
together,together_86,2026-02-22T15:01:14Z,2026-02-22T17:07:15Z,126,feed,Orpheus TTS outage,major,Orpheus TTS
together,together_87,2026-02-22T19:10:17Z,2026-02-22T19:28:11Z,17,feed,Orpheus TTS outage,minor,Orpheus TTS
together,together_88,2026-02-22T19:55:11Z,2026-02-22T23:13:22Z,198,feed,Orpheus TTS outage,major,Orpheus TTS
together,together_90,2026-02-23T03:55:13Z,2026-02-23T04:16:14Z,21,feed,Orpheus TTS outage,minor,Orpheus TTS
together,together_89,2026-02-23T03:56:27Z,2026-02-23T04:11:19Z,14,feed,Moonshot Kimi K2.5 outage,minor,Moonshot Kimi K2.5
together,together_91,2026-02-23T05:25:05Z,2026-02-23T05:38:10Z,13,feed,Qwen3.5 397B A17B outage,minor,Qwen3.5 397B A17B
fireworks,fireworks_29,2026-02-23T16:03:38Z,2026-02-23T16:06:03Z,2,feed,Llama 3.3 70B Instruct chat completion API outage,minor,Llama 3.3 70B Instruct chat completion API
together,together_92,2026-02-24T02:24:32Z,2026-02-24T03:09:44Z,45,feed,Qwen3 VL 8B Instruct outage,minor,Qwen3 VL 8B Instruct
together,together_93,2026-02-24T05:58:08Z,2026-02-24T07:00:19Z,62,feed,MiniMax M2.5 outage,major,MiniMax M2.5
together,together_94,2026-02-24T07:17:23Z,2026-02-24T07:36:21Z,18,feed,MiniMax M2.5 outage,minor,MiniMax M2.5
together,together_95,2026-02-24T07:41:21Z,2026-02-24T08:00:31Z,19,feed,MiniMax M2.5 outage,minor,MiniMax M2.5
together,together_96,2026-02-24T12:49:18Z,2026-02-24T13:25:06Z,35,feed,MiniMax M2.5 outage,minor,MiniMax M2.5
together,together_97,2026-02-24T15:16:07Z,2026-02-24T15:53:13Z,37,feed,Qwen3.5 397B A17B outage,minor,Qwen3.5 397B A17B
together,together_98,2026-02-24T15:40:20Z,2026-02-24T15:57:46Z,17,feed,MiniMax M2.5 outage,minor,MiniMax M2.5
together,together_99,2026-02-24T16:16:13Z,2026-02-24T16:34:30Z,18,feed,Qwen3.5 397B A17B outage,minor,Qwen3.5 397B A17B
together,together_100,2026-02-24T17:22:07Z,2026-02-24T17:45:20Z,23,feed,MiniMax M2.5 outage,minor,MiniMax M2.5
together,together_101,2026-02-24T21:59:03Z,2026-02-24T22:26:08Z,27,feed,Deepseek V3.1 outage,minor,Deepseek V3.1
together,together_103,2026-02-25T01:29:29Z,2026-02-25T02:20:48Z,51,feed,Moonshot Kimi K2.5 outage,minor,Moonshot Kimi K2.5
together,together_102,2026-02-25T01:31:27Z,2026-02-25T02:16:29Z,45,feed,ZAI GLM 5 FP4 outage,minor,ZAI GLM 5 FP4
together,together_104,2026-02-25T01:33:20Z,2026-02-25T02:27:17Z,53,feed,MiniMax M2.5 outage,minor,MiniMax M2.5
together,together_105,2026-02-25T06:29:07Z,2026-02-25T07:47:19Z,78,feed,Qwen3.5 397B A17B outage,major,Qwen3.5 397B A17B
together,together_106,2026-02-25T11:27:23Z,2026-02-25T11:48:16Z,20,feed,MiniMax M2.5 outage,minor,MiniMax M2.5
together,together_107,2026-02-25T13:47:14Z,2026-02-25T14:02:09Z,14,feed,Qwen3.5 397B A17B outage,minor,Qwen3.5 397B A17B
together,together_108,2026-02-25T19:59:24Z,2026-02-25T20:44:03Z,44,feed,Qwen3.5 397B A17B outage,minor,Qwen3.5 397B A17B
together,together_109,2026-02-25T20:59:12Z,2026-02-25T21:17:19Z,18,feed,Qwen3.5 397B A17B outage,minor,Qwen3.5 397B A17B
modal,modal_127,2026-02-26T01:59:00Z,2026-02-26T02:17:00Z,18,feed,Issues with container scheduling,minor,GPU functions
fireworks,fireworks_30,2026-02-26T09:27:41Z,2026-02-26T09:38:45Z,11,feed,Llama 3.3 70B Instruct chat completion API outage,minor,Llama 3.3 70B Instruct chat completion API
fireworks,fireworks_31,2026-02-26T19:24:32Z,2026-02-26T19:35:57Z,11,feed,Llama 3.3 70B Instruct chat completion API outage,minor,Llama 3.3 70B Instruct chat completion API
together,together_110,2026-02-26T20:13:11Z,2026-02-26T21:07:26Z,54,feed,Orpheus TTS outage,minor,Orpheus TTS
together,together_112,2026-02-26T21:34:19Z,2026-02-27T00:22:24Z,168,feed,Orpheus TTS outage,major,Orpheus TTS
together,together_111,2026-02-26T23:21:31Z,2026-02-27T00:20:14Z,58,feed,Deepseek R1 outage,minor,Deepseek R1
baseten,baseten_ybjb53lgnlpx,2026-02-27T09:45:03.000-08:00,2026-02-27T10:39:09.003-08:00,54,feed,Partial inference outage in AWS us-east-1,minor,Dedicated Inference
baseten,baseten_tbh0pbfkd5g8,2026-02-27T16:19:56.000-08:00,2026-02-27T17:02:17.000-08:00,42,feed,Elevated 500s on Model APIs. **Dedicated Inference is not affected**,major,Model APIs
together,together_113,2026-02-27T17:08:22Z,2026-02-27T17:35:18Z,26,feed,Moonshot Kimi K2.5 outage,minor,Moonshot Kimi K2.5
together,together_114,2026-02-27T19:00:32Z,2026-02-27T21:29:49Z,149,feed,Deepseek R1 outage,major,Deepseek R1
together,together_115,2026-03-01T01:44:33Z,2026-03-01T02:45:40Z,61,feed,Qwen3 VL 8B Instruct outage,major,Qwen3 VL 8B Instruct
together,together_116,2026-03-02T00:28:34Z,2026-03-02T00:42:46Z,14,feed,Qwen3 VL 8B Instruct outage,minor,Qwen3 VL 8B Instruct
together,together_118,2026-03-02T02:08:06Z,2026-03-02T02:50:10Z,42,feed,Qwen3.5 397B A17B outage,minor,Qwen3.5 397B A17B
together,together_117,2026-03-02T02:14:33Z,2026-03-02T02:30:41Z,16,feed,Qwen3 VL 8B Instruct outage,minor,Qwen3 VL 8B Instruct
modal,modal_128,2026-03-02T21:12:00Z,2026-03-02T22:43:00Z,91,feed,Task logs are delayed,major,
together,together_119,2026-03-03T17:57:31Z,2026-03-03T18:17:30Z,19,feed,Deepseek R1 outage,minor,Deepseek R1
fireworks,fireworks_32,2026-03-04T01:57:31Z,2026-03-04T02:15:25Z,17,feed,Llama 3.3 70B Instruct chat completion API outage,minor,Llama 3.3 70B Instruct chat completion API
fireworks,fireworks_33,2026-03-04T09:39:31Z,2026-03-04T10:02:40Z,23,feed,Llama 3.3 70B Instruct chat completion API outage,minor,Llama 3.3 70B Instruct chat completion API
together,together_120,2026-03-04T21:51:10Z,2026-03-04T22:18:13Z,27,feed,MiniMax M2.5 outage,minor,MiniMax M2.5
together,together_121,2026-03-04T22:20:03Z,2026-03-04T22:32:08Z,12,feed,Qwen3.5 397B A17B outage,minor,Qwen3.5 397B A17B
together,together_122,2026-03-04T23:44:04Z,2026-03-04T23:56:12Z,12,feed,Qwen3.5 397B A17B outage,minor,Qwen3.5 397B A17B
together,together_123,2026-03-05T04:38:08Z,2026-03-05T04:50:11Z,12,feed,Qwen3.5 397B A17B outage,minor,Qwen3.5 397B A17B
fireworks,fireworks_34,2026-03-05T17:20:56Z,2026-03-05T17:23:04Z,2,feed,Qwen3 Embedding 8B embeddings API outage,minor,Qwen3 Embedding 8B embeddings API
together,together_124,2026-03-05T21:31:32Z,2026-03-05T21:43:36Z,12,feed,Deepseek R1 outage,minor,Deepseek R1
together,together_127,2026-03-05T22:28:22Z,2026-03-06T09:10:30Z,642,feed,Orpheus TTS outage,major,Orpheus TTS
fireworks,fireworks_35,2026-03-05T23:02:51Z,2026-03-05T23:05:17Z,2,feed,Qwen3 Embedding 8B embeddings API outage,minor,Qwen3 Embedding 8B embeddings API
fireworks,fireworks_36,2026-03-06T02:17:49Z,2026-03-06T02:20:04Z,2,feed,Qwen3 Embedding 8B embeddings API outage,minor,Qwen3 Embedding 8B embeddings API
fireworks,fireworks_37,2026-03-06T02:57:34Z,2026-03-06T03:02:36Z,5,feed,Llama 3.3 70B Instruct chat completion API outage,minor,Llama 3.3 70B Instruct chat completion API
together,together_125,2026-03-06T05:43:50Z,2026-03-06T05:58:55Z,15,feed,FLUX.1 Krea [dev] outage,minor,FLUX.1 Krea [dev]
together,together_126,2026-03-06T06:17:16Z,2026-03-06T06:39:30Z,22,feed,MiniMax M2.5 outage,minor,MiniMax M2.5
fireworks,fireworks_38,2026-03-06T12:33:34Z,2026-03-06T12:35:50Z,2,feed,Llama 3.3 70B Instruct chat completion API outage,minor,Llama 3.3 70B Instruct chat completion API
fireworks,fireworks_39,2026-03-06T13:54:33Z,2026-03-06T13:57:18Z,2,feed,Llama 3.3 70B Instruct chat completion API outage,minor,Llama 3.3 70B Instruct chat completion API
together,together_128,2026-03-07T00:32:01Z,2026-03-07T00:44:13Z,12,feed,Qwen3.5 397B A17B outage,minor,Qwen3.5 397B A17B
together,together_129,2026-03-07T01:45:12Z,2026-03-07T02:06:31Z,21,feed,MiniMax M2.5 outage,minor,MiniMax M2.5
together,together_130,2026-03-07T23:50:16Z,2026-03-08T00:18:23Z,28,feed,MiniMax M2.5 outage,minor,MiniMax M2.5
together,together_131,2026-03-08T03:20:42Z,2026-03-08T03:35:26Z,14,feed,Moonshot Kimi K2.5 outage,minor,Moonshot Kimi K2.5
modal,modal_129,2026-03-09T03:33:14Z,2026-03-09T04:09:07Z,35,feed,Image builds is down,major,Image builds
modal,modal_130,2026-03-09T03:58:00Z,2026-03-09T04:06:00Z,8,feed,sandbox scheduling unavailable,major,Sandboxes
fireworks,fireworks_40,2026-03-09T11:47:15Z,2026-03-09T11:50:08Z,2,feed,Nomic Embed Text v1.5 embeddings API outage,minor,Nomic Embed Text v1.5 embeddings API
fireworks,fireworks_41,2026-03-09T11:59:18Z,2026-03-09T12:11:10Z,11,feed,Nomic Embed Text v1.5 embeddings API outage,minor,Nomic Embed Text v1.5 embeddings API
together,together_132,2026-03-09T20:01:02Z,2026-03-09T20:28:07Z,27,feed,Kokoro-82M outage,minor,Kokoro-82M
together,together_133,2026-03-10T14:20:32Z,2026-03-10T14:33:04Z,12,feed,Moonshot Kimi K2.5 outage,minor,Moonshot Kimi K2.5
fireworks,fireworks_42,2026-03-10T16:42:09Z,2026-03-10T16:54:16Z,12,feed,OpenAI GPT OSS 20B chat completion API outage,minor,OpenAI GPT OSS 20B chat completion API
together,together_135,2026-03-10T21:15:17Z,2026-03-10T22:03:23Z,48,feed,FLUX.1 [schnell] outage,minor,FLUX.1 [schnell]
together,together_136,2026-03-10T21:16:00Z,2026-03-10T22:04:06Z,48,feed,Kokoro-82M outage,minor,Kokoro-82M
together,together_137,2026-03-10T21:16:12Z,2026-03-10T22:04:14Z,48,feed,Orpheus TTS outage,minor,Orpheus TTS
together,together_134,2026-03-10T21:17:34Z,2026-03-10T22:02:38Z,45,feed,Multilingual E5 Large Instruct outage,minor,Multilingual E5 Large Instruct
together,together_138,2026-03-10T21:28:53Z,2026-03-10T22:14:05Z,45,feed,FLUX.1 Krea [dev] outage,minor,FLUX.1 Krea [dev]
fireworks,fireworks_43,2026-03-11T04:24:30Z,2026-03-11T04:26:38Z,2,feed,Llama 3.3 70B Instruct chat completion API outage,minor,Llama 3.3 70B Instruct chat completion API
together,together_139,2026-03-11T08:17:27Z,2026-03-11T09:59:26Z,101,feed,Moonshot Kimi K2.5 outage,major,Moonshot Kimi K2.5
together,together_140,2026-03-11T10:56:24Z,2026-03-11T11:11:27Z,15,feed,Moonshot Kimi K2.5 outage,minor,Moonshot Kimi K2.5
fireworks,fireworks_44,2026-03-11T12:06:33Z,2026-03-11T12:11:36Z,5,feed,Llama 3.3 70B Instruct chat completion API outage,minor,Llama 3.3 70B Instruct chat completion API
fireworks,fireworks_45,2026-03-11T13:06:28Z,2026-03-11T13:08:33Z,2,feed,Llama 3.3 70B Instruct chat completion API outage,minor,Llama 3.3 70B Instruct chat completion API
fireworks,fireworks_46,2026-03-11T13:36:29Z,2026-03-11T13:38:44Z,2,feed,Llama 3.3 70B Instruct chat completion API outage,minor,Llama 3.3 70B Instruct chat completion API
fireworks,fireworks_47,2026-03-11T13:42:30Z,2026-03-11T13:44:32Z,2,feed,Llama 3.3 70B Instruct chat completion API outage,minor,Llama 3.3 70B Instruct chat completion API
fireworks,fireworks_48,2026-03-11T13:53:57Z,2026-03-11T14:05:40Z,11,feed,Llama 3.3 70B Instruct chat completion API outage,minor,Llama 3.3 70B Instruct chat completion API
fireworks,fireworks_49,2026-03-11T14:39:30Z,2026-03-11T15:08:37Z,29,feed,Llama 3.3 70B Instruct chat completion API outage,minor,Llama 3.3 70B Instruct chat completion API
fireworks,fireworks_50,2026-03-11T16:32:59Z,2026-03-11T17:23:58Z,50,feed,Llama 3.3 70B Instruct chat completion API outage,minor,Llama 3.3 70B Instruct chat completion API
fireworks,fireworks_51,2026-03-11T17:39:10Z,2026-03-11T17:44:57Z,5,feed,Llama 3.3 70B Instruct chat completion API outage,minor,Llama 3.3 70B Instruct chat completion API
fireworks,fireworks_52,2026-03-11T18:33:31Z,2026-03-11T18:39:04Z,5,feed,Llama 3.3 70B Instruct chat completion API outage,minor,Llama 3.3 70B Instruct chat completion API
fireworks,fireworks_53,2026-03-11T19:00:35Z,2026-03-11T19:35:30Z,34,feed,Llama 3.3 70B Instruct chat completion API outage,minor,Llama 3.3 70B Instruct chat completion API
together,together_141,2026-03-11T19:02:31Z,2026-03-11T19:41:30Z,38,feed,Moonshot Kimi K2.5 outage,minor,Moonshot Kimi K2.5
together,together_142,2026-03-12T01:29:25Z,2026-03-12T02:02:38Z,33,feed,Moonshot Kimi K2.5 outage,minor,Moonshot Kimi K2.5
together,together_143,2026-03-12T05:50:39Z,2026-03-12T06:02:40Z,12,feed,OpenAI GPT OSS 120B outage,minor,OpenAI GPT OSS 120B
together,together_144,2026-03-12T06:47:36Z,2026-03-12T07:08:40Z,21,feed,OpenAI GPT OSS 120B outage,minor,OpenAI GPT OSS 120B
fireworks,fireworks_54,2026-03-12T08:09:34Z,2026-03-12T08:56:34Z,47,feed,Llama 3.3 70B Instruct chat completion API outage,minor,Llama 3.3 70B Instruct chat completion API
together,together_145,2026-03-12T08:14:41Z,2026-03-12T08:32:44Z,18,feed,OpenAI GPT OSS 120B outage,minor,OpenAI GPT OSS 120B
baseten,baseten_8xgkfl1jkjnq,2026-03-12T09:42:06.037-07:00,2026-03-12T09:59:14.791-07:00,17,feed,gpt-oss model API service degradation,minor,Model APIs
fireworks,fireworks_55,2026-03-12T10:09:31Z,2026-03-12T10:11:37Z,2,feed,Llama 3.3 70B Instruct chat completion API outage,minor,Llama 3.3 70B Instruct chat completion API
together,together_146,2026-03-12T11:20:30Z,2026-03-12T13:29:27Z,128,feed,Moonshot Kimi K2.5 outage,major,Moonshot Kimi K2.5
modal,modal_131,2026-03-12T12:43:00Z,2026-03-12T13:23:00Z,40,feed,"function call, container scheduling, and web endpoint latencies degraded",minor,"Web endpoints,CPU functions,GPU functions"
fireworks,fireworks_56,2026-03-12T15:18:06Z,2026-03-12T15:20:49Z,2,feed,Llama 3.3 70B Instruct chat completion API outage,minor,Llama 3.3 70B Instruct chat completion API
fireworks,fireworks_57,2026-03-12T15:30:28Z,2026-03-12T15:35:55Z,5,feed,Llama 3.3 70B Instruct chat completion API outage,minor,Llama 3.3 70B Instruct chat completion API
fireworks,fireworks_58,2026-03-12T16:41:58Z,2026-03-12T16:54:02Z,12,feed,Llama 3.3 70B Instruct chat completion API outage,minor,Llama 3.3 70B Instruct chat completion API
fireworks,fireworks_59,2026-03-12T17:24:00Z,2026-03-12T17:32:35Z,8,feed,Llama 3.3 70B Instruct chat completion API outage,minor,Llama 3.3 70B Instruct chat completion API
fireworks,fireworks_60,2026-03-12T17:48:35Z,2026-03-12T17:56:54Z,8,feed,Llama 3.3 70B Instruct chat completion API outage,minor,Llama 3.3 70B Instruct chat completion API
fireworks,fireworks_61,2026-03-12T18:02:55Z,2026-03-12T18:08:55Z,6,feed,Llama 3.3 70B Instruct chat completion API outage,minor,Llama 3.3 70B Instruct chat completion API
together,together_147,2026-03-12T23:35:12Z,2026-03-12T23:50:08Z,14,feed,Deepseek V3.1 outage,minor,Deepseek V3.1
together,together_148,2026-03-13T00:44:05Z,2026-03-13T01:08:09Z,24,feed,Deepseek V3.1 outage,minor,Deepseek V3.1
together,together_149,2026-03-13T01:32:06Z,2026-03-13T01:47:06Z,15,feed,Deepseek V3.1 outage,minor,Deepseek V3.1
fireworks,fireworks_62,2026-03-13T03:12:37Z,2026-03-13T03:20:47Z,8,feed,OpenAI GPT OSS 120B chat completion API outage,minor,OpenAI GPT OSS 120B chat completion API
together,together_150,2026-03-13T04:20:32Z,2026-03-13T04:36:50Z,16,feed,Qwen3 VL 8B Instruct outage,minor,Qwen3 VL 8B Instruct
together,together_151,2026-03-13T04:32:29Z,2026-03-13T05:02:26Z,29,feed,Moonshot Kimi K2.5 outage,minor,Moonshot Kimi K2.5
together,together_153,2026-03-13T08:35:35Z,2026-03-13T09:41:35Z,66,feed,OpenAI GPT OSS 120B outage,major,OpenAI GPT OSS 120B
together,together_152,2026-03-13T09:02:06Z,2026-03-13T09:14:10Z,12,feed,Deepseek V3.1 outage,minor,Deepseek V3.1
together,together_154,2026-03-13T10:02:30Z,2026-03-13T10:41:36Z,39,feed,OpenAI GPT OSS 120B outage,minor,OpenAI GPT OSS 120B
together,together_155,2026-03-13T10:53:09Z,2026-03-13T11:38:23Z,45,feed,Deepseek V3.1 outage,minor,Deepseek V3.1
together,together_156,2026-03-13T11:44:13Z,2026-03-13T12:56:13Z,72,feed,Deepseek V3.1 outage,major,Deepseek V3.1
together,together_157,2026-03-13T17:47:26Z,2026-03-13T18:47:30Z,60,feed,Moonshot Kimi K2.5 outage,major,Moonshot Kimi K2.5
together,together_158,2026-03-14T08:19:27Z,2026-03-14T08:43:34Z,24,feed,ZAI GLM 5 FP4 outage,minor,ZAI GLM 5 FP4
together,together_159,2026-03-14T12:59:36Z,2026-03-14T13:11:37Z,12,feed,OpenAI GPT OSS 120B outage,minor,OpenAI GPT OSS 120B
fireworks,fireworks_63,2026-03-14T14:50:21Z,2026-03-14T15:08:09Z,17,feed,Nomic Embed Text v1.5 embeddings API outage,minor,Nomic Embed Text v1.5 embeddings API
fireworks,fireworks_64,2026-03-14T15:32:23Z,2026-03-14T15:44:12Z,11,feed,Nomic Embed Text v1.5 embeddings API outage,minor,Nomic Embed Text v1.5 embeddings API
fireworks,fireworks_65,2026-03-14T16:44:16Z,2026-03-14T16:50:10Z,5,feed,Nomic Embed Text v1.5 embeddings API outage,minor,Nomic Embed Text v1.5 embeddings API
fireworks,fireworks_66,2026-03-14T16:59:10Z,2026-03-14T17:26:12Z,27,feed,Nomic Embed Text v1.5 embeddings API outage,minor,Nomic Embed Text v1.5 embeddings API
fireworks,fireworks_67,2026-03-14T17:32:15Z,2026-03-14T17:35:08Z,2,feed,Nomic Embed Text v1.5 embeddings API outage,minor,Nomic Embed Text v1.5 embeddings API
fireworks,fireworks_68,2026-03-14T17:38:13Z,2026-03-14T18:05:18Z,27,feed,Nomic Embed Text v1.5 embeddings API outage,minor,Nomic Embed Text v1.5 embeddings API
together,together_160,2026-03-14T17:43:28Z,2026-03-14T17:55:35Z,12,feed,ZAI GLM 5 FP4 outage,minor,ZAI GLM 5 FP4
together,together_161,2026-03-15T04:04:31Z,2026-03-15T04:49:31Z,45,feed,ZAI GLM 5 FP4 outage,minor,ZAI GLM 5 FP4
together,together_162,2026-03-16T14:38:02Z,2026-03-16T16:25:58Z,107,feed,Mixtral-8x7B Instruct (46.7B) outage,major,Mixtral-8x7B Instruct (46.7B)
together,together_166,2026-03-16T21:06:15Z,2026-03-16T21:36:13Z,29,feed,FLUX.1 [schnell] outage,minor,FLUX.1 [schnell]
together,together_164,2026-03-16T21:07:01Z,2026-03-16T21:30:53Z,23,feed,Kokoro-82M outage,minor,Kokoro-82M
together,together_165,2026-03-16T21:07:16Z,2026-03-16T21:31:19Z,24,feed,Orpheus TTS outage,minor,Orpheus TTS
together,together_163,2026-03-16T21:08:37Z,2026-03-16T21:26:38Z,18,feed,Multilingual E5 Large Instruct outage,minor,Multilingual E5 Large Instruct
together,together_167,2026-03-16T21:13:50Z,2026-03-16T21:43:59Z,30,feed,FLUX.1 Krea [dev] outage,minor,FLUX.1 Krea [dev]
together,together_168,2026-03-17T06:05:02Z,2026-03-17T06:20:09Z,15,feed,Deepseek V3.1 outage,minor,Deepseek V3.1
together,together_169,2026-03-17T06:09:26Z,2026-03-17T06:26:11Z,16,feed,Qwen3.5 397B A17B outage,minor,Qwen3.5 397B A17B
together,together_170,2026-03-17T06:47:20Z,2026-03-17T07:02:22Z,15,feed,Moonshot Kimi K2.5 outage,minor,Moonshot Kimi K2.5
together,together_171,2026-03-17T07:41:27Z,2026-03-17T08:53:30Z,72,feed,Moonshot Kimi K2.5 outage,major,Moonshot Kimi K2.5
together,together_176,2026-03-17T08:55:24Z,2026-03-17T11:16:26Z,141,feed,ZAI GLM 5 FP4 outage,major,ZAI GLM 5 FP4
together,together_172,2026-03-17T09:02:25Z,2026-03-17T09:32:32Z,30,feed,Moonshot Kimi K2.5 outage,minor,Moonshot Kimi K2.5
together,together_173,2026-03-17T09:20:57Z,2026-03-17T09:40:56Z,19,feed,Deepseek V3.1 outage,minor,Deepseek V3.1
together,together_174,2026-03-17T09:57:27Z,2026-03-17T10:26:21Z,28,feed,Moonshot Kimi K2.5 outage,minor,Moonshot Kimi K2.5
together,together_175,2026-03-17T10:54:03Z,2026-03-17T11:08:33Z,14,feed,Moonshot Kimi K2.5 outage,minor,Moonshot Kimi K2.5
together,together_177,2026-03-17T11:01:39Z,2026-03-17T11:25:40Z,24,feed,Deepseek R1 outage,minor,Deepseek R1
together,together_178,2026-03-17T11:46:28Z,2026-03-17T11:58:27Z,11,feed,ZAI GLM 5 FP4 outage,minor,ZAI GLM 5 FP4
together,together_179,2026-03-17T12:02:25Z,2026-03-17T12:14:29Z,12,feed,Moonshot Kimi K2.5 outage,minor,Moonshot Kimi K2.5
together,together_180,2026-03-17T13:49:28Z,2026-03-17T14:13:46Z,24,feed,ZAI GLM 5 FP4 outage,minor,ZAI GLM 5 FP4
modal,modal_132,2026-03-17T15:29:00Z,2026-03-17T15:38:00Z,9,feed,Sandbox scheduling degraded,minor,Sandboxes
together,together_181,2026-03-17T16:08:28Z,2026-03-17T16:26:29Z,18,feed,Moonshot Kimi K2.5 outage,minor,Moonshot Kimi K2.5
together,together_182,2026-03-17T23:44:27Z,2026-03-18T00:14:33Z,30,feed,Moonshot Kimi K2.5 outage,minor,Moonshot Kimi K2.5
fireworks,fireworks_69,2026-03-18T06:30:24Z,2026-03-18T06:32:28Z,2,feed,Kimi K2 Thinking chat completion API outage,minor,Kimi K2 Thinking chat completion API
together,together_183,2026-03-18T06:37:28Z,2026-03-18T06:55:22Z,17,feed,ZAI GLM 5 FP4 outage,minor,ZAI GLM 5 FP4
together,together_184,2026-03-18T09:19:20Z,2026-03-18T09:37:28Z,18,feed,ZAI GLM 5 FP4 outage,minor,ZAI GLM 5 FP4
together,together_185,2026-03-18T16:23:29Z,2026-03-18T16:47:40Z,24,feed,OpenAI GPT OSS 120B outage,minor,OpenAI GPT OSS 120B
together,together_186,2026-03-18T23:03:17Z,2026-03-18T23:30:15Z,26,feed,Meta Llama 3.3 70B Instruct Turbo outage,minor,Meta Llama 3.3 70B Instruct Turbo
together,together_187,2026-03-19T12:13:33Z,2026-03-19T12:34:19Z,20,feed,ZAI GLM 5 FP4 outage,minor,ZAI GLM 5 FP4
together,together_188,2026-03-19T12:58:26Z,2026-03-19T13:19:25Z,20,feed,ZAI GLM 5 FP4 outage,minor,ZAI GLM 5 FP4
together,together_191,2026-03-19T17:04:30Z,2026-03-19T17:25:26Z,20,feed,ZAI GLM 5 FP4 outage,minor,ZAI GLM 5 FP4
together,together_190,2026-03-19T17:07:36Z,2026-03-19T17:22:38Z,15,feed,Deepseek R1 outage,minor,Deepseek R1
together,together_189,2026-03-19T17:07:59Z,2026-03-19T17:20:19Z,12,feed,Deepseek V3.1 outage,minor,Deepseek V3.1
together,together_192,2026-03-20T09:08:27Z,2026-03-20T09:56:36Z,48,feed,OpenAI GPT OSS 120B outage,minor,OpenAI GPT OSS 120B
together,together_193,2026-03-20T09:52:11Z,2026-03-20T10:06:14Z,14,feed,MiniMax M2.5 outage,minor,MiniMax M2.5
together,together_194,2026-03-20T15:03:35Z,2026-03-20T15:21:42Z,18,feed,Qwen3 VL 8B Instruct outage,minor,Qwen3 VL 8B Instruct
together,together_195,2026-03-20T18:46:33Z,2026-03-20T19:10:47Z,24,feed,Deepseek R1 outage,minor,Deepseek R1
together,together_196,2026-03-20T20:34:33Z,2026-03-20T21:19:37Z,45,feed,Deepseek R1 outage,minor,Deepseek R1
together,together_197,2026-03-20T21:56:53Z,2026-03-20T22:11:22Z,14,feed,Moonshot Kimi K2.5 outage,minor,Moonshot Kimi K2.5
together,together_198,2026-03-20T22:29:19Z,2026-03-20T22:44:11Z,14,feed,Deepseek V3.1 outage,minor,Deepseek V3.1
together,together_199,2026-03-20T22:32:36Z,2026-03-20T22:56:39Z,24,feed,Moonshot Kimi K2.5 outage,minor,Moonshot Kimi K2.5
together,together_200,2026-03-20T23:12:49Z,2026-03-20T23:51:21Z,38,feed,Meta Llama 3.3 70B Instruct Turbo outage,minor,Meta Llama 3.3 70B Instruct Turbo
together,together_201,2026-03-21T14:20:29Z,2026-03-21T14:47:28Z,26,feed,Moonshot Kimi K2.5 outage,minor,Moonshot Kimi K2.5
together,together_202,2026-03-21T18:05:59Z,2026-03-21T18:20:58Z,14,feed,Qwen3.5 9B outage,minor,Qwen3.5 9B
together,together_203,2026-03-21T22:29:53Z,2026-03-21T22:42:03Z,12,feed,Qwen3.5 9B outage,minor,Qwen3.5 9B
together,together_204,2026-03-21T23:00:01Z,2026-03-21T23:17:57Z,17,feed,Qwen3.5 9B outage,minor,Qwen3.5 9B
together,together_205,2026-03-22T06:29:18Z,2026-03-22T07:01:15Z,31,feed,Qwen3 235B A22B Thinking 2507 outage,minor,Qwen3 235B A22B Thinking 2507
together,together_206,2026-03-22T15:42:44Z,2026-03-22T16:03:54Z,21,feed,Moonshot Kimi K2.5 outage,minor,Moonshot Kimi K2.5
fireworks,fireworks_70,2026-03-22T17:17:34Z,2026-03-22T17:20:27Z,2,feed,Llama 3.3 70B Instruct chat completion API outage,minor,Llama 3.3 70B Instruct chat completion API
together,together_207,2026-03-23T07:35:19Z,2026-03-23T07:51:19Z,16,feed,Qwen3 235B A22B Thinking 2507 outage,minor,Qwen3 235B A22B Thinking 2507
together,together_208,2026-03-23T09:23:20Z,2026-03-23T09:39:22Z,16,feed,Qwen3 235B A22B Thinking 2507 outage,minor,Qwen3 235B A22B Thinking 2507
together,together_209,2026-03-23T09:53:10Z,2026-03-23T10:09:20Z,16,feed,Qwen3 235B A22B Thinking 2507 outage,minor,Qwen3 235B A22B Thinking 2507
together,together_210,2026-03-25T02:32:27Z,2026-03-25T02:44:33Z,12,feed,Moonshot Kimi K2.5 outage,minor,Moonshot Kimi K2.5
together,together_211,2026-03-25T06:51:51Z,2026-03-25T07:45:04Z,53,feed,Qwen3.5 9B outage,minor,Qwen3.5 9B
together,together_212,2026-03-25T20:55:15Z,2026-03-25T22:24:18Z,89,feed,FLUX.1 [schnell] outage,major,FLUX.1 [schnell]
fireworks,fireworks_71,2026-03-25T22:29:31Z,2026-03-25T22:32:32Z,3,feed,Llama 3.3 70B Instruct chat completion API outage,minor,Llama 3.3 70B Instruct chat completion API
together,together_214,2026-03-25T23:18:47Z,2026-03-26T00:30:25Z,71,feed,FLUX.1 [schnell] outage,major,FLUX.1 [schnell]
together,together_213,2026-03-25T23:58:57Z,2026-03-26T00:13:52Z,14,feed,FLUX.1 Krea [dev] outage,minor,FLUX.1 Krea [dev]
together,together_215,2026-03-26T01:45:42Z,2026-03-26T02:15:28Z,29,feed,FLUX.1 [schnell] outage,minor,FLUX.1 [schnell]
together,together_216,2026-03-26T03:34:15Z,2026-03-26T03:48:23Z,14,feed,FLUX.1 [schnell] outage,minor,FLUX.1 [schnell]
together,together_221,2026-03-26T16:55:50Z,2026-03-26T23:46:59Z,411,feed,Meta Llama Guard 4 12B outage,major,Meta Llama Guard 4 12B
together,together_218,2026-03-26T20:21:49Z,2026-03-26T21:36:24Z,74,feed,ZAI GLM 5 FP4 outage,major,ZAI GLM 5 FP4
together,together_217,2026-03-26T20:23:02Z,2026-03-26T20:53:07Z,30,feed,Deepseek V3.1 outage,minor,Deepseek V3.1
together,together_219,2026-03-26T22:14:25Z,2026-03-26T22:29:04Z,14,feed,Qwen3.5 397B A17B outage,minor,Qwen3.5 397B A17B
together,together_220,2026-03-26T22:21:44Z,2026-03-26T22:41:24Z,19,feed,ZAI GLM 5 FP4 outage,minor,ZAI GLM 5 FP4
together,together_222,2026-03-27T03:59:00Z,2026-03-27T04:11:25Z,12,feed,Qwen3.5 397B A17B outage,minor,Qwen3.5 397B A17B
together,together_223,2026-03-27T03:59:21Z,2026-03-27T04:31:20Z,31,feed,Qwen3 Coder 480B A35B Instruct FP8 outage,minor,Qwen3 Coder 480B A35B Instruct FP8
together,together_224,2026-03-27T20:26:52Z,2026-03-27T21:04:37Z,37,feed,Deepseek R1 outage,minor,Deepseek R1
together,together_225,2026-03-29T11:14:15Z,2026-03-29T11:27:18Z,13,feed,Qwen3 235B A22B Thinking 2507 outage,minor,Qwen3 235B A22B Thinking 2507
together,together_226,2026-03-29T16:11:19Z,2026-03-29T16:27:13Z,15,feed,Qwen3 235B A22B Thinking 2507 outage,minor,Qwen3 235B A22B Thinking 2507
together,together_227,2026-03-29T18:38:09Z,2026-03-29T18:51:10Z,13,feed,Qwen3 235B A22B Thinking 2507 outage,minor,Qwen3 235B A22B Thinking 2507
together,together_228,2026-03-29T23:10:17Z,2026-03-29T23:24:19Z,14,feed,Qwen3 235B A22B Thinking 2507 outage,minor,Qwen3 235B A22B Thinking 2507
together,together_229,2026-03-30T02:23:33Z,2026-03-30T02:50:37Z,27,feed,Multilingual E5 Large Instruct outage,minor,Multilingual E5 Large Instruct
together,together_230,2026-03-30T02:28:56Z,2026-03-30T02:56:15Z,27,feed,Deepseek V3.1 outage,minor,Deepseek V3.1
together,together_231,2026-03-30T03:14:32Z,2026-03-30T03:26:45Z,12,feed,Multilingual E5 Large Instruct outage,minor,Multilingual E5 Large Instruct
together,together_232,2026-03-30T03:59:41Z,2026-03-30T04:14:37Z,14,feed,Multilingual E5 Large Instruct outage,minor,Multilingual E5 Large Instruct
together,together_233,2026-03-30T11:32:35Z,2026-03-30T11:56:34Z,23,feed,Moonshot Kimi K2.5 outage,minor,Moonshot Kimi K2.5
together,together_234,2026-03-30T12:47:22Z,2026-03-30T13:41:29Z,54,feed,Moonshot Kimi K2.5 outage,minor,Moonshot Kimi K2.5
together,together_235,2026-03-30T13:47:27Z,2026-03-30T14:29:29Z,42,feed,Moonshot Kimi K2.5 outage,minor,Moonshot Kimi K2.5
together,together_236,2026-03-30T16:02:20Z,2026-03-30T16:53:39Z,51,feed,Moonshot Kimi K2.5 outage,minor,Moonshot Kimi K2.5
together,together_237,2026-03-30T19:44:19Z,2026-03-30T19:56:38Z,12,feed,Moonshot Kimi K2.5 outage,minor,Moonshot Kimi K2.5
together,together_238,2026-03-30T20:32:36Z,2026-03-30T20:47:25Z,14,feed,Moonshot Kimi K2.5 outage,minor,Moonshot Kimi K2.5
together,together_239,2026-03-31T02:05:26Z,2026-03-31T02:20:35Z,15,feed,Moonshot Kimi K2.5 outage,minor,Moonshot Kimi K2.5
together,together_240,2026-03-31T02:26:22Z,2026-03-31T02:56:31Z,30,feed,Moonshot Kimi K2.5 outage,minor,Moonshot Kimi K2.5
together,together_241,2026-03-31T15:34:37Z,2026-03-31T16:16:37Z,42,feed,Deepseek R1 outage,minor,Deepseek R1
fireworks,fireworks_72,2026-04-01T03:05:14Z,2026-04-01T03:08:03Z,2,feed,Nomic Embed Text v1.5 embeddings API outage,minor,Nomic Embed Text v1.5 embeddings API
together,together_242,2026-04-01T05:58:24Z,2026-04-01T06:26:33Z,28,feed,ZAI GLM 5 FP4 outage,minor,ZAI GLM 5 FP4
together,together_243,2026-04-01T09:32:06Z,2026-04-01T09:47:12Z,15,feed,Qwen3.5 397B A17B outage,minor,Qwen3.5 397B A17B
together,together_244,2026-04-01T11:43:52Z,2026-04-01T11:59:13Z,15,feed,FLUX.1 Krea [dev] outage,minor,FLUX.1 Krea [dev]
baseten,baseten_rhrjd3t222x2,2026-04-01T15:30:54.000-07:00,2026-04-01T17:30:38.000-07:00,119,feed,Elevated deploy failures. Inference is **not** affected.,minor,Model Management API
together,together_245,2026-04-01T16:58:52Z,2026-04-01T17:22:39Z,23,feed,Deepseek R1 outage,minor,Deepseek R1
modal,modal_133,2026-04-02T19:36:00Z,2026-04-02T21:03:00Z,87,feed,us-east input plane web endpoint degradation,major,Web endpoints
modal,modal_134,2026-04-02T21:42:00Z,2026-04-02T22:13:00Z,31,feed,Modal.com dashboards are degraded,minor,
together,together_246,2026-04-03T00:48:05Z,2026-04-03T02:38:58Z,110,feed,Voxtral Mini 3B 2507 outage,major,Voxtral Mini 3B 2507
baseten,baseten_l05jgjfkpcmf,2026-04-03T12:16:00.828-07:00,2026-04-03T13:11:43.946-07:00,55,feed,Builds of new models are currently failing. **Inference is not affected**,major,Model Management API
together,together_247,2026-04-03T15:37:52Z,2026-04-03T16:09:31Z,31,feed,Qwen3.5 9B outage,minor,Qwen3.5 9B
together,together_248,2026-04-03T16:13:52Z,2026-04-03T16:27:14Z,13,feed,Qwen3.5 9B outage,minor,Qwen3.5 9B
baseten,baseten_wqq1wwryvc7c,2026-04-03T17:03:21.666-07:00,2026-04-03T21:48:38.729-07:00,285,feed,Slower than usual scale-ups for a small subset of models,minor,Dedicated Inference
together,together_249,2026-04-06T18:23:19Z,2026-04-06T19:03:24Z,40,feed,FLUX.1 [schnell] outage,minor,FLUX.1 [schnell]
modal,modal_135,2026-04-07T04:01:00Z,2026-04-07T05:36:00Z,95,feed,Container creation degraded for Functions,minor,
together,together_250,2026-04-07T13:00:52Z,2026-04-07T13:14:00Z,13,feed,FLUX.1 Krea [dev] outage,minor,FLUX.1 Krea [dev]
modal,modal_136,2026-04-07T13:16:00Z,2026-04-07T17:00:00Z,224,feed,Web endpoint latency degradation,major,Web endpoints
fireworks,fireworks_73,2026-04-07T14:58:13Z,2026-04-07T15:00:20Z,2,feed,OpenAI GPT OSS 20B chat completion API outage,minor,OpenAI GPT OSS 20B chat completion API
together,together_251,2026-04-07T18:03:03Z,2026-04-07T18:30:10Z,27,feed,Qwen3 235B A22B Instruct 2507 Throughput outage,minor,Qwen3 235B A22B Instruct 2507 Throughput
together,together_252,2026-04-07T19:06:25Z,2026-04-07T19:21:27Z,15,feed,ZAI GLM 5 FP4 outage,minor,ZAI GLM 5 FP4
together,together_253,2026-04-07T19:37:43Z,2026-04-07T20:34:03Z,56,feed,Kokoro-82M outage,minor,Kokoro-82M
fireworks,fireworks_74,2026-04-07T20:42:33Z,2026-04-07T20:44:45Z,2,feed,Llama 3.3 70B Instruct chat completion API outage,minor,Llama 3.3 70B Instruct chat completion API
together,together_254,2026-04-07T21:51:25Z,2026-04-07T22:06:27Z,15,feed,ZAI GLM 5 FP4 outage,minor,ZAI GLM 5 FP4
together,together_255,2026-04-07T22:11:26Z,2026-04-07T23:01:37Z,50,feed,ZAI GLM 5 FP4 outage,minor,ZAI GLM 5 FP4
together,together_256,2026-04-07T22:51:03Z,2026-04-07T23:27:04Z,36,feed,Qwen3 235B A22B Instruct 2507 Throughput outage,minor,Qwen3 235B A22B Instruct 2507 Throughput
together,together_257,2026-04-08T06:01:00Z,2026-04-08T06:13:58Z,12,feed,FLUX.1 Krea [dev] outage,minor,FLUX.1 Krea [dev]
together,together_258,2026-04-08T09:01:03Z,2026-04-08T09:14:04Z,13,feed,FLUX.1 Krea [dev] outage,minor,FLUX.1 Krea [dev]
together,together_259,2026-04-08T12:33:00Z,2026-04-08T12:48:02Z,15,feed,Qwen3 235B A22B Instruct 2507 Throughput outage,minor,Qwen3 235B A22B Instruct 2507 Throughput
together,together_260,2026-04-08T14:45:49Z,2026-04-08T14:59:03Z,13,feed,FLUX.1 Krea [dev] outage,minor,FLUX.1 Krea [dev]
together,together_261,2026-04-08T19:44:39Z,2026-04-08T19:56:46Z,12,feed,Whisper Large V3 outage,minor,Whisper Large V3
together,together_262,2026-04-09T00:33:57Z,2026-04-09T00:46:56Z,12,feed,Google Gemma 4 31B IT outage,minor,Google Gemma 4 31B IT
together,together_263,2026-04-09T03:33:54Z,2026-04-09T06:07:51Z,153,feed,Google Gemma 4 31B IT outage,major,Google Gemma 4 31B IT
together,together_264,2026-04-09T11:45:50Z,2026-04-09T11:59:11Z,13,feed,FLUX.1 Krea [dev] outage,minor,FLUX.1 Krea [dev]
together,together_265,2026-04-09T12:38:08Z,2026-04-09T12:53:03Z,14,feed,Qwen3.5 397B A17B outage,minor,Qwen3.5 397B A17B
together,together_266,2026-04-09T13:40:15Z,2026-04-09T15:12:59Z,92,feed,ZAI GLM 5.1 outage,major,ZAI GLM 5.1
together,together_267,2026-04-09T15:15:34Z,2026-04-09T15:27:45Z,12,feed,Qwen3 VL 8B Instruct outage,minor,Qwen3 VL 8B Instruct
together,together_268,2026-04-09T15:16:34Z,2026-04-09T15:31:13Z,14,feed,ZAI GLM 5.1 outage,minor,ZAI GLM 5.1
together,together_269,2026-04-09T15:37:07Z,2026-04-09T15:49:02Z,11,feed,ZAI GLM 5.1 outage,minor,ZAI GLM 5.1
together,together_270,2026-04-09T22:47:55Z,2026-04-09T23:00:01Z,12,feed,Qwen3 235B A22B Instruct 2507 Throughput outage,minor,Qwen3 235B A22B Instruct 2507 Throughput
together,together_271,2026-04-10T03:55:09Z,2026-04-10T04:29:17Z,34,feed,Google Gemma 4 31B IT outage,minor,Google Gemma 4 31B IT
together,together_273,2026-04-10T05:15:46Z,2026-04-10T05:30:33Z,14,feed,Qwen3 VL 8B Instruct outage,minor,Qwen3 VL 8B Instruct
together,together_272,2026-04-10T05:15:52Z,2026-04-10T05:28:59Z,13,feed,FLUX.1 Krea [dev] outage,minor,FLUX.1 Krea [dev]
fireworks,fireworks_75,2026-04-10T06:55:18Z,2026-04-10T06:57:19Z,2,feed,OpenAI GPT OSS 20B chat completion API outage,minor,OpenAI GPT OSS 20B chat completion API
together,together_274,2026-04-10T12:31:00Z,2026-04-10T12:44:21Z,13,feed,FLUX.1 Krea [dev] outage,minor,FLUX.1 Krea [dev]
together,together_275,2026-04-10T14:00:45Z,2026-04-10T14:14:06Z,13,feed,FLUX.1 Krea [dev] outage,minor,FLUX.1 Krea [dev]
together,together_276,2026-04-10T15:58:55Z,2026-04-10T16:28:40Z,29,feed,Deepseek R1 outage,minor,Deepseek R1
together,together_277,2026-04-10T16:38:17Z,2026-04-10T17:02:11Z,23,feed,Qwen3.5 397B A17B outage,minor,Qwen3.5 397B A17B
together,together_278,2026-04-10T16:40:39Z,2026-04-10T17:22:42Z,42,feed,Deepseek R1 outage,minor,Deepseek R1
together,together_279,2026-04-10T17:30:56Z,2026-04-10T17:43:57Z,13,feed,FLUX.1 Krea [dev] outage,minor,FLUX.1 Krea [dev]
together,together_280,2026-04-10T19:13:29Z,2026-04-10T19:55:30Z,42,feed,Deepseek R1 outage,minor,Deepseek R1
together,together_281,2026-04-10T19:46:49Z,2026-04-10T20:07:56Z,21,feed,Google Gemma 4 31B IT outage,minor,Google Gemma 4 31B IT
together,together_282,2026-04-10T21:11:23Z,2026-04-10T21:26:21Z,14,feed,Moonshot Kimi K2.5 outage,minor,Moonshot Kimi K2.5
together,together_283,2026-04-10T21:42:11Z,2026-04-10T22:21:09Z,38,feed,MiniMax M2.5 outage,minor,MiniMax M2.5
together,together_285,2026-04-11T00:28:26Z,2026-04-11T03:24:17Z,175,feed,MiniMax M2.5 outage,major,MiniMax M2.5
together,together_284,2026-04-11T02:35:31Z,2026-04-11T03:02:36Z,27,feed,OpenAI GPT OSS 120B outage,minor,OpenAI GPT OSS 120B
